{
    "dct_Y_mean": [
      [
        -133.77215576171875,
        0.03476879000663757,
        0.01674611307680607,
        0.008427905850112438,
        -0.001581627526320517,
        0.021122967824339867,
        0.012276860885322094,
        0.020073968917131424
      ],
      [
        0.2939870059490204,
        -0.0031288156751543283,
        0.0026130639016628265,
        0.005618255585432053,
        0.0005771310534328222,
        -0.0008783861994743347,
        0.00016827485524117947,
        -0.001153917401097715
      ],
      [
        -0.0010891526471823454,
        -0.0017082241829484701,
        0.002611835254356265,
        0.003975797910243273,
        -0.0002722651115618646,
        -0.0029722237959504128,
        -0.0012678097700700164,
        0.00037792828516103327
      ],
      [
        0.04109014570713043,
        0.002784962998703122,
        -0.0020037186332046986,
        -0.0026638011913746595,
        0.0011526294983923435,
        0.00023535775835625827,
        -0.0003078453883063048,
        -0.000039937916881171986
      ],
      [
        -0.0014606609474867582,
        0.02048015408217907,
        0.016346529126167297,
        0.016237454488873482,
        0.000853571982588619,
        0.014608466066420078,
        0.01428906712681055,
        0.018518678843975067
      ],
      [
        0.01370421051979065,
        -0.001570015330798924,
        0.0006668590940535069,
        -0.0020458258222788572,
        0.0008676745346747339,
        0.000661152764223516,
        -0.0013563587563112378,
        0.0003602920041885227
      ],
      [
        0.0013262969441711903,
        0.0022098408080637455,
        0.0016503031365573406,
        -0.00047766254283487797,
        -0.0023702518083155155,
        0.0006796843954361975,
        0.00036882091080769897,
        -0.0010803595650941133
      ],
      [
        0.0030784045811742544,
        0.000883480766788125,
        0.0001941632217494771,
        -0.000349906156770885,
        -0.00027108396170660853,
        -0.0006030912045389414,
        -0.00016501828213222325,
        0.0002581955923233181
      ]
    ],
    "dct_C_mean": [
      [
        -10.542975425720215,
        -0.2801933288574219,
        0.018799714744091034,
        -0.3493458926677704,
        -0.00189971795771271,
        -0.48396503925323486,
        0.0115014323964715,
        -1.4172329902648926
      ],
      [
        0.01803722232580185,
        0.00016040485934354365,
        -0.0006536947912536561,
        0.0002027558075496927,
        -0.00002631798997754231,
        0.000028497272069216706,
        -0.0002024921413976699,
        0.0003742998233065009
      ],
      [
        -0.00006922748434590176,
        0.0002400949742877856,
        0.0003467337228357792,
        0.0006529350648634136,
        -0.0000321573497785721,
        0.0005206205532886088,
        0.00037492738920263946,
        0.001824124250560999
      ],
      [
        0.002526800148189068,
        -0.00030840327963232994,
        0.0006851235521025956,
        0.00032860832288861275,
        -0.00010298444976797327,
        -0.0003999157343059778,
        -0.00011654753325274214,
        0.0002725785016082227
      ],
      [
        0.0002022796106757596,
        0.016114462167024612,
        0.015644285827875137,
        0.016099071130156517,
        -0.0002228102384833619,
        0.016186609864234924,
        0.016045918688178062,
        0.016360124573111534
      ],
      [
        0.0006123839993961155,
        -0.00005163939931662753,
        -0.000369560468243435,
        -0.00025068610557354987,
        0.00002095557101711165,
        0.00006395692616933957,
        0.00013125405530445278,
        0.00028837841819040477
      ],
      [
        0.000011902531696250662,
        0.000250916404183954,
        -0.00008207135397242382,
        0.000084335682913661,
        -0.0002365332329645753,
        0.00019257755775470287,
        0.00003134260987280868,
        0.00008368534327019006
      ],
      [
        -0.000053047599067213014,
        0.00021889990603085607,
        -0.00001926839649968315,
        0.00004983454346074723,
        0.00010338954598410055,
        0.0002541861904319376,
        0.0000321434490615502,
        -0.00003464817928033881
      ]
    ],
    "dct_Y_std": [
      [
        492.288541885594,
        71.33997924218417,
        40.501528894126686,
        27.13521194723629,
        20.137517641458835,
        15.144078721077666,
        11.020074012950774,
        7.719164166828969
      ],
      [
        74.9973670298579,
        39.009661451889684,
        27.115100917667913,
        19.671951914209505,
        15.017319535996638,
        11.436652138761042,
        8.410287126877341,
        5.910647172585527
      ],
      [
        42.91732213857029,
        27.93478972332677,
        21.76608197352333,
        16.84441616711718,
        13.243462954080996,
        10.293396974178044,
        7.66081300606983,
        5.4130888353505044
      ],
      [
        28.874589367894533,
        20.691844931163118,
        17.266328909916375,
        14.29597829134283,
        11.619435861782003,
        9.18018677947829,
        6.930402786772091,
        4.948209009441239
      ],
      [
        21.43390643450145,
        15.964307514241694,
        13.797842547670841,
        11.796623418946396,
        9.987794630184116,
        8.106088156242238,
        6.1498380111809094,
        4.43831599476557
      ],
      [
        16.008117985294163,
        12.240442911299604,
        10.840604590790578,
        9.453758901582859,
        8.159505792427403,
        6.8155738733162305,
        5.294485777232728,
        3.8541452934860314
      ],
      [
        11.711236196938554,
        9.057291510014315,
        8.113442312734787,
        7.231474685266738,
        6.309041253751337,
        5.327966554416571,
        4.216685952870666,
        3.1697829462687857
      ],
      [
        8.270419919395898,
        6.420387902070732,
        5.781438037293922,
        5.227004057959971,
        4.629683436440372,
        3.946398720999718,
        3.182265028943857,
        2.4912309074391286
      ]
    ],