{
  "dct_Y_mean": [
    [
      -340.4287109375,
      0.003854017937555909,
      0.07780694216489792,
      0.05336456745862961,
      -0.15111999213695526,
      -0.1093960776925087,
      -0.06633374094963074,
      0.027112314477562904
    ],
    [
      0.24062588810920715,
      0.07503002882003784,
      0.11944936960935593,
      0.07635141909122467,
      -0.04127372428774834,
      -0.07062585651874542,
      0.05506015568971634,
      0.012204490602016449
    ],
    [
      0.31503304839134216,
      0.04351338371634483,
      0.04309173300862312,
      -0.2478208690881729,
      0.13782648742198944,
      0.015877826139330864,
      -0.01261107623577118,
      0.03531801328063011
    ],
    [
      -0.29717230796813965,
      -0.07912648469209671,
      0.002325058914721012,
      0.02139868214726448,
      -0.0021530003286898136,
      -0.008450605906546116,
      0.025636160746216774,
      0.008670736104249954
    ],
    [
      -0.039080824702978134,
      0.11598597466945648,
      0.03853284567594528,
      -0.018025368452072144,
      0.01176794059574604,
      0.02894277125597,
      0.04064340144395828,
      0.00197573727928102
    ],
    [
      -0.03416033834218979,
      -0.03038419410586357,
      -0.04314171522855759,
      -0.0022896260488778353,
      0.021165920421481133,
      0.030823402106761932,
      -0.01610489748418331,
      0.011739272624254227
    ],
    [
      0.017789682373404503,
      -0.02280179038643837,
      0.022784702479839325,
      0.03582087904214859,
      0.004469971638172865,
      -0.0025816636625677347,
      -0.0017632889794185758,
      -0.006526525132358074
    ],
    [
      -0.025506632402539253,
      -0.010875051841139793,
      0.004231241997331381,
      -0.01044315006583929,
      0.0054661910980939865,
      0.020956946536898613,
      -0.018155047670006752,
      -0.014245036989450455
    ]
  ],
  "dct_C_mean": [
    [
      -64.12005615234375,
      -0.24853602051734924,
      -0.049331165850162506,
      -0.4128453731536865,
      0.023906409740447998,
      -0.5634837746620178,
      -0.005447331815958023,
      -1.7107956409454346
    ],
    [
      0.09004086256027222,
      0.0026120981201529503,
      0.020138872787356377,
      0.003960588946938515,
      0.007287654094398022,
      -0.01616242527961731,
      -0.002200213260948658,
      -0.008066689595580101
    ],
    [
      0.009461231529712677,
      -0.012353017926216125,
      -0.0030870307236909866,
      -0.003539083991199732,
      -7.860442565288395e-05,
      0.005029298830777407,
      -0.005080613307654858,
      0.005671246442943811
    ],
    [
      0.012167094275355339,
      0.004660622216761112,
      -0.0014508385211229324,
      0.001468268339522183,
      -0.017509568482637405,
      0.01025728601962328,
      -0.0003498168371152133,
      -0.0012591290287673473
    ],
    [
      0.0017215530388057232,
      0.017150020226836205,
      0.03902411088347435,
      0.037539511919021606,
      0.009864951483905315,
      0.040943220257759094,
      0.017781639471650124,
      0.03766226768493652
    ],
    [
      -0.003804087173193693,
      0.00043186478433199227,
      -0.004770197439938784,
      -0.0012336402432993054,
      -0.0011755004525184631,
      -0.005195381119847298,
      0.0013140900991857052,
      0.003335067769512534
    ],
    [
      0.01201959140598774,
      0.002219483023509383,
      0.0015648060943931341,
      0.010033459402620792,
      0.0044100480154156685,
      -0.005227056331932545,
      0.002617467660456896,
      0.00031103420769795775
    ],
    [
      0.002343185245990753,
      0.001638056244701147,
      -0.013423490338027477,
      0.004434025846421719,
      0.0067089325748384,
      -0.0028212524484843016,
      -0.007597504649311304,
      0.0019185773562639952
    ]
  ],
  "dct_Y_std": [
    [
      335.0520691962256,
      83.93275733155377,
      45.14560888533992,
      28.752480026909407,
      20.447580639372067,
      13.96034983112533,
      9.320255470309588,
      5.8149625971481385
    ],
    [
      60.867992509413654,
      41.788603116826906,
      30.378946756838836,
      21.703229865068007,
      15.910251224958818,
      11.491124374775879,
      7.797978985362896,
      4.97166448430192
    ],
    [
      34.67721224911597,
      27.486670392293178,
      22.459041072125768,
      17.520414435847208,
      13.534116268969726,
      9.756875577610396,
      6.5540995124199615,
      4.285088719698492
    ],
    [
      21.991334700257628,
      18.764682400440826,
      16.176252818131527,
      13.553939928488436,
      10.524887419129817,
      7.635577105947447,
      5.325672568540044,
      3.5505987108540875
    ],
    [
      14.433142362305379,
      13.011935508634078,
      11.237821845352423,
      9.560241106327757,
      7.641453753607493,
      5.798318253840179,
      3.9844642583175687,
      2.757044738101636
    ],
    [
      9.238405831388278,
      8.243802697908727,
      7.498680480386995,
      6.4165259999656,
      5.257485351378718,
      4.037958351884721,
      2.9621063263084118,
      2.0659854060508787
    ],
    [
      5.409547487080018,
      4.996577725322021,
      4.5653663155061,
      3.9959142535893877,
      3.394901645834752,
      2.694650012919315,
      2.0060614757366024,
      1.5046420520199604
    ],
    [
      3.0877700775971704,
      2.8772743528024076,
      2.7243027304523317,
      2.4443580923989128,
      2.114090256483782,
      1.7697909915050316,
      1.416271410365915,
      1.1171483359580152
    ]
  ],
  "dct_C_std": [
    [
      81.10472458387802,
      18.719611551732047,
      10.888949740825595,
      6.622452329895313,
      4.4214695648169196,
      3.0208292951701554,
      2.2403524042796703,
      1.7117097373414885
    ],
    [
      9.422737250279805,
      7.044880825443516,
      5.375649939354452,
      4.0679562223377514,
      3.0892502805571014,
      2.3299546172717247,
      1.7755723731842117,
      1.4310030423618
    ],
    [
      4.415999161598238,
      3.7227263983383447,
      3.3284891551638056,
      2.763767516299641,
      2.2131496757683244,
      1.7611935145459696,
      1.4266622591494078,
      1.209032904176012
    ],
    [
      2.4116436300076507,
      2.1593855487010516,
      2.0033054684548253,
      1.7440895904090485,
      1.4931611052652098,
      1.2629863724902515,
      1.0372329381492436,
      0.9100815225576001
    ],
    [
      1.4326457419716603,
      1.3146374077669305,
      1.2569612227013895,
      1.1193307942185469,
      0.9828060592842909,
      0.8404692658010399,
      0.7410348635866972,
      0.6728894182815681
    ],
    [
      0.8742502081039139,
      0.7844577773839669,
      0.7451862330571535,
      0.6996621918682523,
      0.6400815144815806,
      0.576446727287515,
      0.5331028673095768,
      0.5183636910802748
    ],
    [
      0.5587874002807188,
      0.5313179863627329,
      0.5181217532287106,
      0.5017086752596219,
      0.4825424855773216,
      0.46886125870345247,
      0.46206827736858586,
      0.4571670228948122
    ],
    [
      0.4576079143965272,
      0.4538707766334677,
      0.4506037836257703,
      0.4479767182240515,
      0.4458091070174682,
      0.4444676888549982,
      0.44287075242694657,
      0.44269468880205426
    ]
  ]
}