{
  "dct_Y_mean": [
    [
      -99.75312805175781,
      0.01829700917005539,
      0.01609908975660801,
      0.021898100152611732,
      -0.001487943110987544,
      0.017160695046186447,
      0.019662464037537575,
      0.019482605159282684
    ],
    [
      0.35374900698661804,
      -0.0004086768312845379,
      0.0024910075590014458,
      -0.0008831138839013875,
      -0.0010388721711933613,
      0.0004734469694085419,
      0.0017350752605125308,
      -0.00043206263217143714
    ],
    [
      0.011076509021222591,
      0.0035529013257473707,
      0.00534408213570714,
      -0.0030117046553641558,
      0.002000710228458047,
      0.0005631388630717993,
      0.00039922542055137455,
      0.0010050531709566712
    ],
    [
      0.04214804992079735,
      0.0004956805496476591,
      0.0010915760649368167,
      0.0007401076145470142,
      -0.0003644150565378368,
      0.0009825696470215917,
      0.0005363227101042867,
      -0.001012582564726472
    ],
    [
      -0.00027471649809740484,
      0.014667931944131851,
      0.017903408035635948,
      0.02007783204317093,
      0.0010746935149654746,
      0.020760856568813324,
      0.02234748750925064,
      0.021324822679162025
    ],
    [
      0.011696436442434788,
      0.001040825853124261,
      -0.001313203014433384,
      -0.0006533631822094321,
      0.0011616696137934923,
      -0.0016719410195946693,
      0.0006085139466449618,
      -0.0007015136652626097
    ],
    [
      -0.0007123455870896578,
      -0.000940094469115138,
      -0.0030633914284408092,
      -0.00033734316821210086,
      -0.0009681560331955552,
      2.4520859369658865e-05,
      -0.0007562257815152407,
      -0.001328076352365315
    ],
    [
      0.00040205742698162794,
      -0.003963700961321592,
      -0.0005053801578469574,
      0.0001716442493489012,
      0.00016962374502327293,
      -0.001169679220765829,
      0.00099867710378021,
      -0.004200979135930538
    ]
  ],
  "dct_C_mean": [
    [
      -14.047378540039062,
      -0.2774149477481842,
      0.013937309384346008,
      -0.32185691595077515,
      0.00026465655537322164,
      -0.48706644773483276,
      0.01704961247742176,
      -1.4457159042358398
    ],
    [
      0.019534403458237648,
      0.00022524122323375195,
      0.0007613981724716723,
      3.8150515138113406e-06,
      -5.8439080021344125e-05,
      0.0003079156740568578,
      1.563033220008947e-05,
      0.0005032644839957356
    ],
    [
      -0.0005014806520193815,
      0.00044260546565055847,
      0.0003173115837853402,
      -0.0006525658536702394,
      9.577316086506471e-05,
      0.0004582382389344275,
      0.0005913647473789752,
      0.0006190503481775522
    ],
    [
      0.0006959048332646489,
      -0.0002052262134384364,
      0.00018774445925373584,
      -0.00018198306497652084,
      8.192058885470033e-05,
      0.00041081637027673423,
      0.0002606069901958108,
      -6.77225980325602e-05
    ],
    [
      0.0007947752019390464,
      0.022125782445073128,
      0.02137157693505287,
      0.022204365581274033,
      -0.00015194504521787167,
      0.023650355637073517,
      0.023707253858447075,
      0.024356631562113762
    ],
    [
      -5.740327651437838e-06,
      0.0002089056943077594,
      -0.00017009142902679741,
      -0.00020577128452714533,
      0.00022902067576069385,
      7.129002915462479e-05,
      0.0003217616176698357,
      -0.00013019955076742917
    ],
    [
      0.0014118910767138004,
      -0.0002819398941937834,
      -3.110396210104227e-05,
      -0.0001358760637231171,
      -2.9859726055292413e-05,
      0.00034365005558356643,
      0.00018109209486283362,
      -0.0006136117735877633
    ],
    [
      -0.0020951449405401945,
      -2.619973020046018e-05,
      -0.00024546851636841893,
      0.00014497130177915096,
      7.826717774150893e-05,
      0.0007495113532058895,
      0.0002180066949222237,
      -0.000887545698788017
    ]
  ],
  "dct_Y_std": [
    [
      399.295936138994,
      69.11508152079205,
      40.12678390979522,
      27.03278915986643,
      19.33936986593157,
      14.057146874459887,
      10.100664857278497,
      7.17701946775384
    ],
    [
      72.28528806310145,
      38.5789620444603,
      27.29914301783976,
      19.80201140203474,
      14.826790795013315,
      11.000260986057334,
      7.972596158945409,
      5.804991711936164
    ],
    [
      42.8552901365041,
      28.364963287818863,
      22.042076798671367,
      16.99185516121461,
      13.016695213442876,
      9.791437911102806,
      7.170710318251083,
      5.275424775752637
    ],
    [
      29.18086767358538,
      21.272290063430706,
      17.61276825670477,
      14.127930910852792,
      11.207451357677149,
      8.627885194143081,
      6.378128102865108,
      4.752852359211335
    ],
    [
      21.388899377039532,
      16.3570396531317,
      13.856368275116402,
      11.54607383425374,
      9.396160993489326,
      7.324496588956365,
      5.4942043868709645,
      4.18910939918962
    ],
    [
      15.69442061565943,
      12.347918739591874,
      10.652122436562184,
      9.052633801882822,
      7.511592830832103,
      5.993577314797118,
      4.5747758163798435,
      3.5250230406652032
    ],
    [
      11.29700868581286,
      9.041961983761006,
      7.92823081176172,
      6.823285542814574,
      5.752648206236994,
      4.676503738146094,
      3.673735160505535,
      2.9008162710500693
    ],
    [
      8.128484579130305,
      6.597264963487525,
      5.890404551769149,
      5.147688228575357,
      4.438908873393327,
      3.669510357121207,
      2.9549513805063974,
      2.3737350111402957
    ]
  ],
  "dct_C_std": [
    [
      133.60658604755625,
      20.184490299330335,
      11.556446581571453,
      7.441537318713312,
      5.240689671654087,
      3.7822483365998396,
      2.9396533573842203,
      2.335410074546843
    ],
    [
      13.924031802384082,
      8.427959277152896,
      6.259558937166964,
      4.674307386803317,
      3.57101628497373,
      2.772680662946177,
      2.1992397386070452,
      1.8409688020674064
    ],
    [
      6.8541076865488675,
      5.031595477501538,
      4.179674125828737,
      3.3767963716361633,
      2.731400978209357,
      2.2115316901500286,
      1.8098592628105374,
      1.565469261104605
    ],
    [
      4.079267385577523,
      3.2127066506506816,
      2.7858781490458506,
      2.373262404049669,
      2.012208339407807,
      1.6945145781564777,
      1.4468170039058674,
      1.2728092795798598
    ],
    [
      2.6823704281960827,
      2.1906043081684494,
      1.933870542821991,
      1.6951766352234843,
      1.4808241469803287,
      1.2742122327875849,
      1.108681770183241,
      1.0065783579264065
    ],
    [
      1.804293192214356,
      1.5220780506773306,
      1.35754631802283,
      1.2063196018829256,
      1.0668311979368563,
      0.9486156278361862,
      0.8497732739487053,
      0.793735680531029
    ],
    [
      1.2359788153152342,
      1.048540600361558,
      0.9535390756710775,
      0.8630682252536452,
      0.7867840878656344,
      0.7232727216527459,
      0.6731950123309675,
      0.6458809982015398
    ],
    [
      0.8700385423608434,
      0.7642204952434657,
      0.7124896971661814,
      0.6676084876389522,
      0.6311467235916298,
      0.6004638475213601,
      0.5770897480020167,
      0.5670431660216269
    ]
  ]
}